{
  "enabled": true,
  "scope": "per_dataset",
  "allowed_scopes": [
    "per_dataset"
  ],
  "rows": 1219,
  "max_rows": 20000,
  "method": "agglomerative",
  "linkage": "ward",
  "top_levels": 10,
  "display_levels": 2,
  "render_style_version": 9,
  "selected_k": 11,
  "cut_mode": "k",
  "cut_value": 11.0,
  "resolved_cut_height": 11.107217974295011,
  "truncation_strategy": "cut_expand_2",
  "levels_below_cut": 2,
  "display_leaf_count": 44,
  "display_internal_count": 43,
  "written": true,
  "written_cut_level": false,
  "skip_reason": "",
  "display_leaf_spans": {
    "0": [
      0,
      11
    ],
    "1": [
      12,
      18
    ],
    "2": [
      19,
      28
    ],
    "3": [
      29,
      37
    ],
    "4": [
      38,
      56
    ],
    "5": [
      57,
      70
    ],
    "6": [
      71,
      109
    ],
    "7": [
      110,
      148
    ],
    "8": [
      149,
      155
    ],
    "9": [
      156,
      167
    ],
    "10": [
      168,
      174
    ],
    "11": [
      175,
      191
    ],
    "12": [
      192,
      192
    ],
    "13": [
      193,
      197
    ],
    "14": [
      198,
      204
    ],
    "15": [
      205,
      218
    ],
    "16": [
      219,
      224
    ],
    "17": [
      225,
      227
    ],
    "18": [
      228,
      235
    ],
    "19": [
      236,
      244
    ],
    "20": [
      245,
      245
    ],
    "21": [
      246,
      248
    ],
    "22": [
      249,
      251
    ],
    "23": [
      252,
      253
    ],
    "24": [
      254,
      255
    ],
    "25": [
      256,
      260
    ],
    "26": [
      261,
      266
    ],
    "27": [
      267,
      289
    ],
    "28": [
      290,
      294
    ],
    "29": [
      295,
      299
    ],
    "30": [
      300,
      333
    ],
    "31": [
      334,
      439
    ],
    "32": [
      440,
      440
    ],
    "33": [
      441,
      523
    ],
    "34": [
      524,
      524
    ],
    "35": [
      525,
      740
    ],
    "36": [
      741,
      742
    ],
    "37": [
      743,
      752
    ],
    "38": [
      753,
      765
    ],
    "39": [
      766,
      1079
    ],
    "40": [
      1080,
      1103
    ],
    "41": [
      1104,
      1161
    ],
    "42": [
      1162,
      1206
    ],
    "43": [
      1207,
      1218
    ]
  },
  "focus_center": 0.14071558877803664,
  "focus_band_halfwidth": 0.17407155887780368
}