{
  "enabled": true,
  "scope": "per_dataset",
  "allowed_scopes": [
    "per_dataset"
  ],
  "rows": 1219,
  "max_rows": 20000,
  "method": "agglomerative",
  "linkage": "ward",
  "top_levels": 10,
  "display_levels": 2,
  "render_style_version": 9,
  "selected_k": 11,
  "cut_mode": "k",
  "cut_value": 11.0,
  "resolved_cut_height": 88.34337296463656,
  "truncation_strategy": "cut_expand_2",
  "levels_below_cut": 2,
  "display_leaf_count": 35,
  "display_internal_count": 34,
  "written": true,
  "written_cut_level": false,
  "skip_reason": "",
  "display_leaf_spans": {
    "0": [
      0,
      4
    ],
    "1": [
      5,
      9
    ],
    "2": [
      10,
      64
    ],
    "3": [
      65,
      958
    ],
    "4": [
      959,
      970
    ],
    "5": [
      971,
      977
    ],
    "6": [
      978,
      980
    ],
    "7": [
      981,
      986
    ],
    "8": [
      987,
      988
    ],
    "9": [
      989,
      990
    ],
    "10": [
      991,
      996
    ],
    "11": [
      997,
      1111
    ],
    "12": [
      1112,
      1112
    ],
    "13": [
      1113,
      1116
    ],
    "14": [
      1117,
      1117
    ],
    "15": [
      1118,
      1119
    ],
    "16": [
      1120,
      1120
    ],
    "17": [
      1121,
      1121
    ],
    "18": [
      1122,
      1122
    ],
    "19": [
      1123,
      1125
    ],
    "20": [
      1126,
      1126
    ],
    "21": [
      1127,
      1131
    ],
    "22": [
      1132,
      1144
    ],
    "23": [
      1145,
      1145
    ],
    "24": [
      1146,
      1167
    ],
    "25": [
      1168,
      1168
    ],
    "26": [
      1169,
      1175
    ],
    "27": [
      1176,
      1176
    ],
    "28": [
      1177,
      1203
    ],
    "29": [
      1204,
      1204
    ],
    "30": [
      1205,
      1205
    ],
    "31": [
      1206,
      1208
    ],
    "32": [
      1209,
      1209
    ],
    "33": [
      1210,
      1212
    ],
    "34": [
      1213,
      1218
    ]
  },
  "focus_center": 0.43474812824407527,
  "focus_band_halfwidth": 0.20347481282440755
}