cut_value,jump_score,rank
352.37977044957927,122.78068271015525,1
232.4280821590109,35.324144289801325,2
275.3941192519991,31.190619685005117,3
195.33969972925615,16.873487872923846,4
140.7199589479988,14.54973692621428,5
